{"cameraMode":{"drawMode":0,"name":"Shaded","section":"Shading Mode"},"sceneLighting":true,"audioPlay":false,"sceneViewState":{"showFog":true,"showMaterialUpdate":false,"showSkybox":true,"showFlares":true,"showImageEffects":true,"showParticleSystems":true,"showVisualEffectGraphs":true,"m_FxEnabled":true},"in2DMode":false,"pivot":{"x":883.832763671875,"y":466.21002197265627,"z":1467.3262939453125},"rotation":{"x":-0.02429422363638878,"y":-0.03238837793469429,"z":0.0007875253213569522,"w":-0.9991828203201294},"size":1178.7515869140625,"orthographic":false}