{"cameraMode":{"drawMode":0,"name":"Shaded","section":"Shading Mode"},"sceneLighting":true,"audioPlay":false,"sceneViewState":{"showFog":true,"showMaterialUpdate":false,"showSkybox":true,"showFlares":true,"showImageEffects":true,"showParticleSystems":true,"showVisualEffectGraphs":true,"m_FxEnabled":true},"in2DMode":false,"pivot":{"x":710.4473876953125,"y":329.2404479980469,"z":1462.2689208984375},"rotation":{"x":-0.01980610564351082,"y":0.014093296602368355,"z":-0.00027918422711081803,"w":-0.9997077584266663},"size":1103.5679931640625,"orthographic":false}