{"cameraMode":{"drawMode":0,"name":"Shaded","section":"Shading Mode"},"sceneLighting":true,"audioPlay":false,"sceneViewState":{"showFog":true,"showMaterialUpdate":false,"showSkybox":true,"showFlares":true,"showImageEffects":true,"showParticleSystems":true,"showVisualEffectGraphs":true,"m_FxEnabled":true},"in2DMode":false,"pivot":{"x":736.8782348632813,"y":428.5392761230469,"z":1464.5560302734375},"rotation":{"x":0.002690615365281701,"y":0.008096392266452313,"z":0.000021817328160977922,"w":-0.999967098236084},"size":1217.4000244140625,"orthographic":false}